target,layer,process,descriptor_family,r2_mean,r2_std,r2_sem,r2_count,spearman_mean,spearman_std,mae_mean,mae_std,rmse_mean,rmse_std
CH4_5.8bar,A_raw_uptake,methane_storage_psa,enriched_interpretable,0.3099348867981439,0.14586830502864917,0.07293415251432459,4,0.6511585834162601,0.028719357656705767,0.7863538497080359,0.2591575515447288,1.0164088186959324,0.2936330868554284
CH4_5.8bar,A_raw_uptake,methane_storage_psa,geo_plus_rac,0.6938872952905102,0.09258416973415165,0.046292084867075825,4,0.8578274454173948,0.043694335902463514,0.5009171578458211,0.1082359066590662,0.6612048650736952,0.13113293937821263
CH4_5.8bar,A_raw_uptake,methane_storage_psa,geometry_only,0.29511432135866594,0.14070274820398695,0.07035137410199348,4,0.629944485424605,0.03551981926310732,0.7940400266424726,0.2556898079625692,1.0258617282138658,0.2834639257791687
CH4_5.8bar,A_raw_uptake,methane_storage_psa,geometry_plus_topology,0.23720129551733427,0.15727341293949812,0.07863670646974906,4,0.6206972329924385,0.03058696459999305,0.8463461062644593,0.2823041464467296,1.072310599172411,0.32074968462500264
CH4_5.8bar,A_raw_uptake,methane_storage_psa,rac_only,0.01459083017872713,0.2750391130118675,0.13751955650593375,4,0.5892203314454998,0.10233243738187357,0.9869872376759816,0.2096495215168624,1.1950495793890932,0.25898093335530403
CH4_5.8bar,A_raw_uptake,methane_storage_psa,topology_only,-1.118047196519563,0.9113974758923904,0.4556987379461952,4,,,1.478613124166017,0.6958121939368566,1.7858397921610538,0.715928866608422
CH4_65bar,A_raw_uptake,methane_storage_psa,enriched_interpretable,0.9561522006091877,0.00855627304984129,0.004278136524920645,4,0.9796914375245229,0.0015272743036063726,0.9434333500899338,0.2459714183067143,1.248606126941263,0.3356508755640155
CH4_65bar,A_raw_uptake,methane_storage_psa,geo_plus_rac,0.9751937643767082,0.0055065697249811274,0.0027532848624905637,4,0.9873801919438212,0.004757684749235972,0.7156122685986285,0.12255779550125136,0.9218148975955711,0.14542096038196803
CH4_65bar,A_raw_uptake,methane_storage_psa,geometry_only,0.9495509297195468,0.011066351883394897,0.005533175941697449,4,0.9779902746774223,0.0013306641633673082,1.0009351639953465,0.26679186418208745,1.3407670826416058,0.3823997389061261
CH4_65bar,A_raw_uptake,methane_storage_psa,geometry_plus_topology,0.9518235192845718,0.00730838908155543,0.003654194540777715,4,0.9800991504122127,0.0015128589005943098,0.9709389320305248,0.20801353327140726,1.3027916429227275,0.2966375835791217
CH4_65bar,A_raw_uptake,methane_storage_psa,rac_only,-0.07176682287846337,0.38662743434333857,0.19331371717166929,4,0.5688947911185022,0.05137592385347854,4.952503934184639,1.0748100899525221,5.971269693582323,1.0992327482941877
CH4_65bar,A_raw_uptake,methane_storage_psa,topology_only,-0.49426424871605446,0.6448857561459792,0.3224428780729896,4,,,5.785853911028394,1.3693720436829264,7.022458734757508,1.2568614148354391
landfill_CH4_0.01bar,A_raw_uptake,landfill_gas_vpsa,enriched_interpretable,0.029365915940122923,0.24173264014472287,0.12086632007236144,4,0.590265100646923,0.057538384623399226,0.004223935570253125,0.002671643755198578,0.0057538418097665255,0.0032013339886785316
landfill_CH4_0.01bar,A_raw_uptake,landfill_gas_vpsa,geo_plus_rac,0.5186165993516821,0.06586225275856955,0.032931126379284775,4,0.7870148241977132,0.05122423589923228,0.00288728353959745,0.0014979092787201919,0.003974039749108675,0.0018692119393611446
landfill_CH4_0.01bar,A_raw_uptake,landfill_gas_vpsa,geometry_only,0.016897147445942572,0.21040356479511177,0.10520178239755588,4,0.5704331538418159,0.06368402469523804,0.004237539284895325,0.0026695896771382656,0.0057887524275217,0.003182431555441557
landfill_CH4_0.01bar,A_raw_uptake,landfill_gas_vpsa,geometry_plus_topology,0.07558821878647697,0.34700146878231514,0.17350073439115757,4,0.5720408479580276,0.0830662221974869,0.00432484367985505,0.0032306155215069536,0.005772918403527425,0.0038585895221379665
landfill_CH4_0.01bar,A_raw_uptake,landfill_gas_vpsa,rac_only,-0.36646572346910505,0.37729718912405413,0.18864859456202707,4,0.5134507605324015,0.1281015357240797,0.0053018691576021,0.0028697078239075064,0.006738935815077325,0.0035409891088241936
landfill_CH4_0.01bar,A_raw_uptake,landfill_gas_vpsa,topology_only,-0.6080817838611425,0.6765852226187834,0.3382926113093917,4,,,0.005894586396604401,0.0046579440574638685,0.007646628814682625,0.005315419621197881
landfill_CH4_4.4bar,A_raw_uptake,landfill_gas_vpsa,enriched_interpretable,0.5569073468274911,0.11101656453163852,0.05550828226581926,4,0.7046029355467576,0.09901676340938316,0.2125792721039006,0.041446476390585144,0.2717069741790378,0.05131707380008927
landfill_CH4_4.4bar,A_raw_uptake,landfill_gas_vpsa,geo_plus_rac,0.7113443762594005,0.10298344831535461,0.051491724157677304,4,0.8635473098135107,0.04508830642063297,0.1731985177494591,0.041789046098669125,0.2171881042577602,0.04672740618585438
landfill_CH4_4.4bar,A_raw_uptake,landfill_gas_vpsa,geometry_only,0.5435284339329228,0.12607829605187948,0.06303914802593974,4,0.6833379341547662,0.11027464465240908,0.2146316663016471,0.039616938560339425,0.27459377755564224,0.047820816458837526
landfill_CH4_4.4bar,A_raw_uptake,landfill_gas_vpsa,geometry_plus_topology,0.4408398147464278,0.02773903287180715,0.013869516435903576,4,0.665270727125889,0.0920007306109216,0.24685491331258594,0.05405995706017852,0.3098884488795218,0.06422012955056267
landfill_CH4_4.4bar,A_raw_uptake,landfill_gas_vpsa,rac_only,-0.17892174899622082,0.7704467815958244,0.3852233907979122,4,0.48704831652326486,0.17783332104627836,0.36022332292700804,0.16494490300915407,0.43725441181298663,0.16703958652737405
landfill_CH4_4.4bar,A_raw_uptake,landfill_gas_vpsa,topology_only,-0.5675279605414862,0.35362738824311635,0.17681369412155817,4,,,0.4354145022695438,0.10568209115476179,0.5148507175654558,0.10643059208597822
landfill_CO2_0.26bar,A_raw_uptake,landfill_gas_vpsa,enriched_interpretable,0.18823069391134245,0.22242607380662371,0.11121303690331186,4,0.6473447240210588,0.06883052954531278,0.26070258719677386,0.14173963218009678,0.426183381101276,0.15655386122751908
landfill_CO2_0.26bar,A_raw_uptake,landfill_gas_vpsa,geo_plus_rac,0.36383987047962885,0.4754268028158077,0.23771340140790384,4,0.7753412632717112,0.06812310572784651,0.24632066510784464,0.15708278912680684,0.36008752769739516,0.15432096410766974
landfill_CO2_0.26bar,A_raw_uptake,landfill_gas_vpsa,geometry_only,0.16604023697915615,0.21396190440915216,0.10698095220457608,4,0.6450239803689376,0.056680336081538496,0.2630362243000825,0.1446517086418526,0.4330241659596723,0.16132888529661765
landfill_CO2_0.26bar,A_raw_uptake,landfill_gas_vpsa,geometry_plus_topology,0.17948155870656424,0.3181108638278947,0.15905543191394736,4,0.6488425576129648,0.06198913696744819,0.2452489682276938,0.1047125486158723,0.4152101565917533,0.10839923470423392
landfill_CO2_0.26bar,A_raw_uptake,landfill_gas_vpsa,rac_only,-1.0280663533730916,1.0726414828232211,0.5363207414116106,4,0.33146290175164805,0.14483398597623579,0.50433732566428,0.17288036185831526,0.6411415130683777,0.17858189136637836
landfill_CO2_0.26bar,A_raw_uptake,landfill_gas_vpsa,topology_only,-0.4019743695223772,0.2693438704523046,0.1346719352261523,4,,,0.4308889422399124,0.1423229004614969,0.5615140144846125,0.20465946291977735
landfill_CO2_3.2bar,A_raw_uptake,landfill_gas_vpsa,enriched_interpretable,0.2972415462301082,0.12917543338538098,0.06458771669269049,4,0.6373110231971295,0.03377748817311386,0.8844620706791974,0.17911592284088496,1.1775186849507198,0.19736561587148405
landfill_CO2_3.2bar,A_raw_uptake,landfill_gas_vpsa,geo_plus_rac,0.6436703953495271,0.18561363459326055,0.09280681729663028,4,0.8371977593497465,0.04967849021252103,0.6231784052621753,0.2113384716222923,0.8197357983393179,0.21966175047578548
landfill_CO2_3.2bar,A_raw_uptake,landfill_gas_vpsa,geometry_only,0.2879853030833166,0.10828441845733738,0.05414220922866869,4,0.6286152192424205,0.04711093464323904,0.8897583668063951,0.16944034076860817,1.1849108261253771,0.17437892202280547
landfill_CO2_3.2bar,A_raw_uptake,landfill_gas_vpsa,geometry_plus_topology,0.38867240009503023,0.11307726346285413,0.056538631731427064,4,0.6571525874198267,0.02898383518931706,0.8064384527155717,0.10796680919118588,1.0926138780002426,0.12813964256188004
landfill_CO2_3.2bar,A_raw_uptake,landfill_gas_vpsa,rac_only,0.057302173875437,0.09275066777797868,0.04637533388898934,4,0.5097301307884675,0.09691075552955244,1.1012719105255215,0.09724160903563513,1.359178497083987,0.11467554529878397
landfill_CO2_3.2bar,A_raw_uptake,landfill_gas_vpsa,topology_only,-1.040254169417669,0.9678570136558575,0.48392850682792876,4,,,1.5923785872688343,0.6780756849618655,1.9840998272690205,0.6375976094844417
landfill_log_selectivity,C_direct_log_selectivity,landfill_gas_vpsa,enriched_interpretable,0.5212324860828655,0.0669923264408657,0.03349616322043285,4,0.7496588355645443,0.04309641391288919,0.1992404519656196,0.009837702086550984,0.2936709462959889,0.020164993527731365
landfill_log_selectivity,C_direct_log_selectivity,landfill_gas_vpsa,geo_plus_rac,0.6607574071339422,0.12286795277261309,0.061433976386306544,4,0.8432417700064703,0.07060646620669718,0.160241645078205,0.034914234158593134,0.24324188499343577,0.03441520553759945
landfill_log_selectivity,C_direct_log_selectivity,landfill_gas_vpsa,geometry_only,0.504337716570788,0.04985763336871005,0.024928816684355024,4,0.7438039518327231,0.03434268755730457,0.20021170643755945,0.011885374881290788,0.29951493930038287,0.023387794344361664
landfill_log_selectivity,C_direct_log_selectivity,landfill_gas_vpsa,geometry_plus_topology,0.48730331815694433,0.09221091721716977,0.046105458608584886,4,0.7617874834297997,0.05062446830380823,0.20493869171288617,0.011212432138653283,0.3030408254678282,0.017189783410870813
landfill_log_selectivity,C_direct_log_selectivity,landfill_gas_vpsa,rac_only,-0.2016834499091983,0.437082102346478,0.218541051173239,4,0.40745951014199994,0.21238984625580345,0.36317128840459656,0.0654835121720544,0.4565749651264265,0.05328897185845226
landfill_log_selectivity,C_direct_log_selectivity,landfill_gas_vpsa,topology_only,-0.3879500903297133,0.5234660508622965,0.26173302543114824,4,,,0.3707412168105393,0.11971809721086488,0.4985354503924986,0.11711757357575571
landfill_working_capacity,B_working_capacity,landfill_gas_vpsa,enriched_interpretable,0.41210122087201223,0.11419760018660939,0.057098800093304695,4,0.676098441587544,0.0442311899523141,0.7009758675744128,0.1044594839917633,0.9400938582527293,0.1260637842359524
landfill_working_capacity,B_working_capacity,landfill_gas_vpsa,geo_plus_rac,0.6996408611155338,0.09987826411019987,0.049939132055099936,4,0.8490305099785527,0.0349257238442897,0.5077310319832086,0.13044232599097547,0.671658390216218,0.14693285530371603
landfill_working_capacity,B_working_capacity,landfill_gas_vpsa,geometry_only,0.39908033371307466,0.12390070109410566,0.06195035054705283,4,0.6675537006251155,0.06527067471162266,0.7072375301388472,0.09771733850937567,0.947362134041358,0.10699250613181846
landfill_working_capacity,B_working_capacity,landfill_gas_vpsa,geometry_plus_topology,0.4648176740864058,0.12448976283034706,0.06224488141517353,4,0.6973544003766157,0.057695624375958945,0.66479794515318,0.08233691603868354,0.8911989254557777,0.09782806482622838
landfill_working_capacity,B_working_capacity,landfill_gas_vpsa,rac_only,-0.1158399813372215,0.37315034102594385,0.18657517051297193,4,0.42838908989989366,0.17293538755943283,1.0652116317397764,0.22470548929509576,1.2909888832606282,0.26477697691023394
landfill_working_capacity,B_working_capacity,landfill_gas_vpsa,topology_only,-1.2109728371765165,0.8868354095143897,0.44341770475719483,4,,,1.482517329978049,0.571451852106125,1.8295344600347603,0.5349765230905197
methane_storage_working_capacity,B_working_capacity,methane_storage_psa,enriched_interpretable,0.9748386746506857,0.006003587865316235,0.0030017939326581174,4,0.9862226069907372,0.008024072690461008,0.7241996758679299,0.17413466778472045,0.9601946682685222,0.26460881713546697
methane_storage_working_capacity,B_working_capacity,methane_storage_psa,geo_plus_rac,0.9846260197239425,0.003310840303908855,0.0016554201519544275,4,0.9903240763135239,0.00582242141033881,0.5716733651416773,0.08907705017205493,0.7402210302654044,0.12588605389006832
methane_storage_working_capacity,B_working_capacity,methane_storage_psa,geometry_only,0.9706852046537706,0.008585272503838401,0.004292636251919201,4,0.9848981266334551,0.008593993747628996,0.7651113613958229,0.19428762524814774,1.0383666304832155,0.3252924842461055
methane_storage_working_capacity,B_working_capacity,methane_storage_psa,geometry_plus_topology,0.9731684208329863,0.004188962962492854,0.002094481481246427,4,0.9858011122633534,0.008293418977806322,0.7344349296696642,0.13440919408340948,0.9894870725843726,0.22557048158119622
methane_storage_working_capacity,B_working_capacity,methane_storage_psa,rac_only,-0.13278689090297305,0.444973782488857,0.2224868912444285,4,0.5492171009365331,0.06098188232068146,5.1985268402379585,1.2404487172170957,6.265411839118605,1.3683941811214735
methane_storage_working_capacity,B_working_capacity,methane_storage_psa,topology_only,-0.8654640952248955,1.0645544758564107,0.5322772379282054,4,,,6.745724712742002,1.9298715769090482,7.824450719328675,1.7009212724509848
ngp_CH4_0.9bar,A_raw_uptake,natural_gas_purification,enriched_interpretable,0.22477238211297854,0.21965789200943667,0.10982894600471833,4,0.6560388790123441,0.03396709853583751,0.28990079004181335,0.17275580397114218,0.40130516858889564,0.20344856011958448
ngp_CH4_0.9bar,A_raw_uptake,natural_gas_purification,geo_plus_rac,0.6158336919259653,0.06598414696382437,0.03299207348191219,4,0.8441434499804712,0.033407215448768235,0.1912410323480756,0.0885437080245731,0.2743779169935884,0.09921514317288398
ngp_CH4_0.9bar,A_raw_uptake,natural_gas_purification,geometry_only,0.21432185270473791,0.1961938163674992,0.0980969081837496,4,0.6434343873430148,0.04079807454868347,0.28951238783213834,0.17191308848591927,0.40360421933396196,0.20005384653438016
ngp_CH4_0.9bar,A_raw_uptake,natural_gas_purification,geometry_plus_topology,0.2537450128848562,0.29545829507340804,0.14772914753670402,4,0.6512371182156571,0.057153943411485296,0.2917170453022024,0.1977123454389186,0.3989599974282857,0.23279299671477346
ngp_CH4_0.9bar,A_raw_uptake,natural_gas_purification,rac_only,-0.21315045404252386,0.20521754097560885,0.10260877048780442,4,0.5104913337797259,0.14569206343374122,0.3863625514520109,0.175664644101121,0.4954238281442398,0.213277557351088
ngp_CH4_0.9bar,A_raw_uptake,natural_gas_purification,topology_only,-0.6599272528494844,0.7459948274274173,0.37299741371370865,4,,,0.46252221150072,0.3336262929747742,0.5972809434945165,0.36925800997709585
ngp_CH4_9.0bar,A_raw_uptake,natural_gas_purification,enriched_interpretable,0.6231348431781717,0.1398974540457344,0.0699487270228672,4,0.7418341600400173,0.11144807784962733,0.6072757845739757,0.09306664534403022,0.7778703505340052,0.1167999462365835
ngp_CH4_9.0bar,A_raw_uptake,natural_gas_purification,geo_plus_rac,0.7262076008382401,0.14906343316799395,0.07453171658399697,4,0.8857966872212089,0.0442764641496471,0.5373512806965339,0.2095070019374013,0.6635650775028972,0.22156571435727476
ngp_CH4_9.0bar,A_raw_uptake,natural_gas_purification,geometry_only,0.6095769551784396,0.15439176594595083,0.07719588297297542,4,0.7234940748970026,0.12759095595264605,0.615228768779067,0.09951769996609945,0.7893451749618702,0.12453587270039214
ngp_CH4_9.0bar,A_raw_uptake,natural_gas_purification,geometry_plus_topology,0.5008489208427822,0.06989307543492537,0.034946537717462686,4,0.702002352250084,0.12562357535871604,0.7227621166454202,0.10511469595550309,0.9166485782951526,0.12494099816063034
ngp_CH4_9.0bar,A_raw_uptake,natural_gas_purification,rac_only,-0.21112685697565198,0.6638710448764406,0.3319355224382203,4,0.4630136557970646,0.19756262590102389,1.1842613930679398,0.5156509121817886,1.4299193704321607,0.5371842106639455
ngp_CH4_9.0bar,A_raw_uptake,natural_gas_purification,topology_only,-0.7573824723503018,0.46998148634961767,0.23499074317480884,4,,,1.4780510548998738,0.39738227580295,1.7291873864291432,0.40361659317436854
ngp_CO2_0.1bar,A_raw_uptake,natural_gas_purification,enriched_interpretable,0.2495335855377136,0.1753472304418187,0.08767361522090936,4,0.6703977639085634,0.04307999850811266,0.2797481843754706,0.11750199853365148,0.4596486309970997,0.1210825083500371
ngp_CO2_0.1bar,A_raw_uptake,natural_gas_purification,geo_plus_rac,0.41143034846563453,0.44125072840250856,0.22062536420125428,4,0.8010270599755739,0.06654340545635952,0.26534077856099086,0.16956792322980022,0.39181494777463144,0.15831689348460828
ngp_CO2_0.1bar,A_raw_uptake,natural_gas_purification,geometry_only,0.22885508088448892,0.17089882549924834,0.08544941274962417,4,0.6622693917235845,0.031576042914331665,0.2816894878881916,0.11982570343375895,0.46662738316877383,0.1248559897208918
ngp_CO2_0.1bar,A_raw_uptake,natural_gas_purification,geometry_plus_topology,0.20843403121672446,0.2990500619226951,0.14952503096134756,4,0.684654333958177,0.026594889672515613,0.278005828516514,0.09228501325251301,0.4610660331108075,0.08864697253625764
ngp_CO2_0.1bar,A_raw_uptake,natural_gas_purification,rac_only,-0.6473109560630681,0.6018097242503719,0.30090486212518597,4,0.3668688353978562,0.14313928385195154,0.5285410211151532,0.16794610589302367,0.6678836535083521,0.1497428868011436
ngp_CO2_0.1bar,A_raw_uptake,natural_gas_purification,topology_only,-0.29644067581695155,0.24546843538283228,0.12273421769141614,4,,,0.45976442700136133,0.13261342195472386,0.6071157982045711,0.17324458511151833
ngp_CO2_1.0bar,A_raw_uptake,natural_gas_purification,enriched_interpretable,0.25952379193831576,0.09451216068333769,0.047256080341668845,4,0.6108068518176141,0.061077068895048915,0.761731561884647,0.09798097454583542,1.0519026818881074,0.11169240324110798
ngp_CO2_1.0bar,A_raw_uptake,natural_gas_purification,geo_plus_rac,0.5660702395793833,0.28038813477360885,0.14019406738680443,4,0.8055349731227998,0.07900058464930457,0.5797675923432449,0.21626705116015088,0.7740229252600825,0.22710276339232763
ngp_CO2_1.0bar,A_raw_uptake,natural_gas_purification,geometry_only,0.25401083855676676,0.08530416821072806,0.04265208410536403,4,0.6075505665086098,0.07150590684730006,0.7604252214023685,0.09607281762275707,1.0552717510514156,0.0960015497687807
ngp_CO2_1.0bar,A_raw_uptake,natural_gas_purification,geometry_plus_topology,0.2758161986687497,0.15866679327713476,0.07933339663856738,4,0.6383219371468188,0.06955490513896541,0.7527578000804785,0.10990673355835905,1.0361248648990977,0.13357527500231905
ngp_CO2_1.0bar,A_raw_uptake,natural_gas_purification,rac_only,0.08593122126605401,0.12405790542478161,0.062028952712390804,4,0.43793530009751724,0.11728293752751752,0.9308204268459305,0.055895301808732034,1.1641604943307933,0.05291873104363673
ngp_CO2_1.0bar,A_raw_uptake,natural_gas_purification,topology_only,-0.9092936453248768,0.8337030594507898,0.4168515297253949,4,,,1.3000584237266204,0.4516528544522417,1.659467496321812,0.4046898314853147
ngp_log_selectivity,C_direct_log_selectivity,natural_gas_purification,enriched_interpretable,0.49723831096878224,0.06881039614663609,0.034405198073318044,4,0.7118214944096914,0.04735027140585603,0.24765866668781394,0.00973846994828173,0.33740447681160435,0.01412193637584214
ngp_log_selectivity,C_direct_log_selectivity,natural_gas_purification,geo_plus_rac,0.6678309676368774,0.16225430462609322,0.08112715231304661,4,0.8320818485243651,0.08285159460252951,0.1892125652036664,0.04438232479222697,0.2651707032911955,0.04207606474965494
ngp_log_selectivity,C_direct_log_selectivity,natural_gas_purification,geometry_only,0.48420304752797994,0.048879343530241724,0.024439671765120862,4,0.7060161913010702,0.03540548331048688,0.24765985489900183,0.015384226760986806,0.34259199980779886,0.01968227461741961
ngp_log_selectivity,C_direct_log_selectivity,natural_gas_purification,geometry_plus_topology,0.4611012958348134,0.08981783623907943,0.04490891811953972,4,0.7263084901783338,0.06016842087294698,0.2541813849813702,0.0163062905038517,0.3487715544815254,0.019235296991249422
ngp_log_selectivity,C_direct_log_selectivity,natural_gas_purification,rac_only,-0.055499044162396996,0.27736498910130397,0.13868249455065199,4,0.4307505012308243,0.19072969868611458,0.38857558678553417,0.05691152502816751,0.4855175692155005,0.051677080755006405
ngp_log_selectivity,C_direct_log_selectivity,natural_gas_purification,topology_only,-0.4752994790456494,0.6007042689889737,0.30035213449448683,4,,,0.44099174564442634,0.11895578400664936,0.570768015415341,0.11369557082044844
ngp_working_capacity,B_working_capacity,natural_gas_purification,enriched_interpretable,0.36452945382434687,0.11125404200029573,0.05562702100014787,4,0.6603658782973338,0.055105480508531625,0.5763555962702889,0.05863226413858523,0.7913782579067599,0.06375418682052744
ngp_working_capacity,B_working_capacity,natural_gas_purification,geo_plus_rac,0.611698357136819,0.22800279465461706,0.11400139732730853,4,0.8330402231572394,0.04833533219661473,0.45978834437524774,0.1658864187922464,0.6075639993537836,0.18772714734095175
ngp_working_capacity,B_working_capacity,natural_gas_purification,geometry_only,0.352499218107165,0.11992290643710427,0.05996145321855213,4,0.6541092832200448,0.07442150696305949,0.579478114899008,0.06389233563418432,0.7977103487167891,0.05866659197460467
ngp_working_capacity,B_working_capacity,natural_gas_purification,geometry_plus_topology,0.41654579630273436,0.11651427506030072,0.05825713753015036,4,0.692555803335695,0.05900233161493065,0.5526012018448138,0.04756082842888353,0.7576224950437572,0.06954732080979685
ngp_working_capacity,B_working_capacity,natural_gas_purification,rac_only,-0.1314359892550322,0.44077883459385236,0.22038941729692618,4,0.3923550846874003,0.18191673692442317,0.85543373838013,0.2042087879526041,1.0504930614155754,0.2219468114958419
ngp_working_capacity,B_working_capacity,natural_gas_purification,topology_only,-1.1532712190621113,0.8791403482392116,0.4395701741196058,4,,,1.1582221223560993,0.3910910443530995,1.451753440226312,0.34831871863005875
postcomb_CO2_0.015bar,A_raw_uptake,post_combustion_vsa,enriched_interpretable,0.07113916316209343,0.3160326990575347,0.15801634952876736,4,0.6041692183809186,0.09185865539908407,0.09605070987404007,0.0486111457187426,0.21864899042745697,0.060044903366766225
postcomb_CO2_0.015bar,A_raw_uptake,post_combustion_vsa,geo_plus_rac,-0.025477440339124524,0.9696861346470477,0.48484306732352384,4,0.684571292450052,0.08453355867505573,0.141607604342108,0.13072544787631293,0.22320930020971685,0.12198228685634058
postcomb_CO2_0.015bar,A_raw_uptake,post_combustion_vsa,geometry_only,0.06077156581906887,0.27923852191549686,0.13961926095774843,4,0.6009679960688733,0.06906241638190729,0.09750184366803322,0.04913892054088316,0.22119613219914241,0.06285223598332597
postcomb_CO2_0.015bar,A_raw_uptake,post_combustion_vsa,geometry_plus_topology,-0.034990424135830034,0.48382722563899655,0.24191361281949827,4,0.5983408558743293,0.09660094334402934,0.10024774602606834,0.042207933313559064,0.22466342630875158,0.04565210758419611
postcomb_CO2_0.015bar,A_raw_uptake,post_combustion_vsa,rac_only,-1.298720405151463,1.420375337839582,0.710187668919791,4,0.27464227198267344,0.22316836397946666,0.2417091586514269,0.13369434436416955,0.3333302874432981,0.1231956027908346
postcomb_CO2_0.015bar,A_raw_uptake,post_combustion_vsa,topology_only,-0.8891826233286388,0.7031025115804348,0.3515512557902174,4,,,0.2357695881563992,0.026951152796416005,0.3020535614223359,0.03692173998533449
postcomb_CO2_0.15bar,A_raw_uptake,post_combustion_vsa,enriched_interpretable,0.2870799537463059,0.18366094965604363,0.09183047482802181,4,0.7005327758163041,0.04853872918863032,0.4612789531448296,0.253798036223485,0.7207806114712907,0.2786498473428094
postcomb_CO2_0.15bar,A_raw_uptake,post_combustion_vsa,geo_plus_rac,0.5052667010251307,0.32455188553233977,0.16227594276616988,4,0.8216656549017521,0.06931779807911646,0.3862841189743239,0.216956652177648,0.5748553345933121,0.22766550029435195
postcomb_CO2_0.15bar,A_raw_uptake,post_combustion_vsa,geometry_only,0.27096906131728116,0.18315685210078514,0.09157842605039257,4,0.6944536207664425,0.04222581805132563,0.46413786961842446,0.25812564970998253,0.7296883965717438,0.2844364260086161
postcomb_CO2_0.15bar,A_raw_uptake,post_combustion_vsa,geometry_plus_topology,0.3415973127104269,0.22375010195570513,0.11187505097785257,4,0.7191369683889421,0.03989074283673234,0.41236643158576275,0.17542019472650602,0.6721532422499179,0.18139767359359876
postcomb_CO2_0.15bar,A_raw_uptake,post_combustion_vsa,rac_only,-0.9332676429083215,0.9957442259676212,0.4978721129838106,4,0.38204024679280074,0.15400576185674386,0.9161962142959559,0.31811614490095613,1.1342220753372816,0.34702380072552425
postcomb_CO2_0.15bar,A_raw_uptake,post_combustion_vsa,topology_only,-0.33312571048977835,0.3426242608076348,0.1713121304038174,4,,,0.760341986795823,0.34596665686659284,0.9947569955518356,0.43635773584421095
postcomb_N2_0.075bar,A_raw_uptake,post_combustion_vsa,enriched_interpretable,0.05568143958668153,0.23217131726748746,0.11608565863374373,4,0.5910840053837951,0.12929885934582572,0.0052974567265910745,0.0012989180459401183,0.01253863337271805,0.00520864884867736
postcomb_N2_0.075bar,A_raw_uptake,post_combustion_vsa,geo_plus_rac,-0.3139654152066338,1.1402345205182836,0.5701172602591418,4,0.6702723997898552,0.11074183165039192,0.00689988651054735,0.004040526913586716,0.01324079098972175,0.004707643115253818
postcomb_N2_0.075bar,A_raw_uptake,post_combustion_vsa,geometry_only,0.047625976841697074,0.2815613267482044,0.1407806633741022,4,0.5897986880824818,0.13597276994427546,0.0053314362559425,0.0013241200513309144,0.012587690904576926,0.0054151959458529995
postcomb_N2_0.075bar,A_raw_uptake,post_combustion_vsa,geometry_plus_topology,0.15642451596966483,0.17386061418624132,0.08693030709312066,4,0.6063461162544498,0.16250924456013713,0.004629233052632725,0.0009272329165149531,0.011931843786394426,0.005182669933828032
postcomb_N2_0.075bar,A_raw_uptake,post_combustion_vsa,rac_only,-0.14843416720531719,0.1908032354753621,0.09540161773768105,4,0.5121028475288709,0.07861205497218254,0.0061623472607808495,0.0019406475991181006,0.013637757660752625,0.004298006951222295
postcomb_N2_0.075bar,A_raw_uptake,post_combustion_vsa,topology_only,-0.32720660354342657,0.3544416576071379,0.17722082880356896,4,,,0.008263908063752524,0.0012976520214299594,0.014464613291447775,0.004287188944354606
postcomb_N2_0.75bar,A_raw_uptake,post_combustion_vsa,enriched_interpretable,0.3283726173764123,0.26644728831312153,0.13322364415656077,4,0.7735377364991533,0.04378176850806914,0.021688146288689723,0.005477015720308203,0.039381344951475376,0.01006338619109173
postcomb_N2_0.75bar,A_raw_uptake,post_combustion_vsa,geo_plus_rac,0.575553760036604,0.11647896602111565,0.05823948301055783,4,0.8429878239788124,0.04822577911212451,0.019343829337839725,0.003934178619962123,0.031803017409551,0.008856410940503136
postcomb_N2_0.75bar,A_raw_uptake,post_combustion_vsa,geometry_only,0.3316187234780751,0.2597700129206444,0.1298850064603222,4,0.7685270099781706,0.04648786433162222,0.021587102154351823,0.005244771215567082,0.039378037269171426,0.010395623752724285
postcomb_N2_0.75bar,A_raw_uptake,post_combustion_vsa,geometry_plus_topology,0.4578215610097874,0.13689329077915055,0.06844664538957528,4,0.779616908415,0.0539057526066349,0.018092973834694,0.002961295866121435,0.03575776392174132,0.008857925565350068
postcomb_N2_0.75bar,A_raw_uptake,post_combustion_vsa,rac_only,0.04159096005729501,0.3331566887230588,0.1665783443615294,4,0.6187839432674679,0.04034536887494227,0.031053736675331747,0.009273574610281663,0.046818640561463225,0.009009156767725969
postcomb_N2_0.75bar,A_raw_uptake,post_combustion_vsa,topology_only,-0.33447105653091846,0.2975749676603398,0.1487874838301699,4,,,0.039628577471862624,0.005453027971696893,0.0557625327807903,0.010107078620683725
postcomb_log_selectivity,C_direct_log_selectivity,post_combustion_vsa,enriched_interpretable,0.6702823593388898,0.08225625364482834,0.04112812682241417,4,0.8277132344717127,0.0344338673578862,0.558110345471739,0.06497801647140941,0.708461347623544,0.07100165986229075
postcomb_log_selectivity,C_direct_log_selectivity,post_combustion_vsa,geo_plus_rac,0.7935382246176348,0.08884304595640512,0.04442152297820256,4,0.8829215762251428,0.032916358302632245,0.42431295526543805,0.05336759438461544,0.5520784109067152,0.06593523813763467
postcomb_log_selectivity,C_direct_log_selectivity,post_combustion_vsa,geometry_only,0.6725962268110653,0.07270464956604515,0.036352324783022576,4,0.8242328914177368,0.03190961238426655,0.5544369473689266,0.06579571531900756,0.7076712683945181,0.06475167406088257
postcomb_log_selectivity,C_direct_log_selectivity,post_combustion_vsa,geometry_plus_topology,0.7049567681519564,0.07771703620968264,0.03885851810484132,4,0.8394522556180475,0.03532598298891462,0.5191896299908086,0.04281431535112158,0.6690950254955894,0.05270996498801295
postcomb_log_selectivity,C_direct_log_selectivity,post_combustion_vsa,rac_only,-0.32995992807488295,0.6454800202861556,0.3227400101430778,4,0.4205141376237645,0.18054659380727694,1.1940175929845123,0.3430585611901592,1.4089380875656214,0.33646560102138323
postcomb_log_selectivity,C_direct_log_selectivity,post_combustion_vsa,topology_only,-0.797671262267609,1.0524811888589676,0.5262405944294838,4,,,1.3987560332308222,0.5019835926296288,1.6253193069154874,0.4912915874651412
postcomb_working_capacity,B_working_capacity,post_combustion_vsa,enriched_interpretable,0.31913998272685273,0.16859007761029857,0.08429503880514928,4,0.7005585669344407,0.045811348770576674,0.3781447667133402,0.20610342164353262,0.5752946361046194,0.2353031229350552
postcomb_working_capacity,B_working_capacity,post_combustion_vsa,geo_plus_rac,0.4802934950911467,0.39159067074190135,0.19579533537095067,4,0.8261115550191607,0.04618276728311789,0.3325562882813026,0.19243426161960117,0.47421413123696665,0.20358701978465688
postcomb_working_capacity,B_working_capacity,post_combustion_vsa,geometry_only,0.2988845012883538,0.16478034570881714,0.08239017285440857,4,0.6951078809292648,0.04091723802009065,0.3805234885444683,0.20905762759287408,0.583917847239917,0.23711816349066986
postcomb_working_capacity,B_working_capacity,post_combustion_vsa,geometry_plus_topology,0.41080222255044785,0.14301811992721944,0.07150905996360972,4,0.7217812060053312,0.034925921689911314,0.330798855031879,0.15124580750589453,0.5255526199587334,0.16737166012408827
postcomb_working_capacity,B_working_capacity,post_combustion_vsa,rac_only,-0.772923829925805,0.8953918334419726,0.4476959167209863,4,0.4113312539959819,0.14644301808632296,0.7135618875919425,0.2618858822996148,0.8915915576939316,0.3041893762741224
postcomb_working_capacity,B_working_capacity,post_combustion_vsa,topology_only,-0.3227691086991322,0.47025260604984065,0.23512630302492032,4,,,0.5993813074753958,0.35768017332733854,0.8162417143704152,0.42298117041594246
precomb_CO2_0.4bar,A_raw_uptake,pre_combustion_psa,enriched_interpretable,0.30935421377119177,0.1844884505230388,0.0922442252615194,4,0.6955593151090113,0.0387835792067686,0.5824214570019323,0.28939599594516197,0.8539723786331939,0.3109729666982301
precomb_CO2_0.4bar,A_raw_uptake,pre_combustion_psa,geo_plus_rac,0.5237789088254842,0.35672691721267397,0.17836345860633698,4,0.8350219383524403,0.05248889953574134,0.48275356091178623,0.2675706272216706,0.6716115033375558,0.27185312037421533
precomb_CO2_0.4bar,A_raw_uptake,pre_combustion_psa,geometry_only,0.2893882814429511,0.1778998693608809,0.08894993468044045,4,0.6881954812996114,0.035132563425282114,0.5850481810352424,0.29232209939726617,0.8667035126171418,0.31212927207096053
precomb_CO2_0.4bar,A_raw_uptake,pre_combustion_psa,geometry_plus_topology,0.38487213561983036,0.1726104701589745,0.08630523507948724,4,0.7140538632571118,0.0366614955022332,0.5164407062753412,0.19209718366860598,0.7881792076226289,0.19477723832474267
precomb_CO2_0.4bar,A_raw_uptake,pre_combustion_psa,rac_only,-0.7742758691974574,0.7437440656173655,0.37187203280868275,4,0.4165920914596126,0.12887071913104192,1.0878307522314599,0.3515681659981204,1.3281616809296357,0.3822254104020434
precomb_CO2_0.4bar,A_raw_uptake,pre_combustion_psa,topology_only,-0.3763428815243929,0.5213029645897054,0.2606514822948527,4,,,0.9414466761527258,0.5040509767999203,1.221706211671909,0.5738388781715151
precomb_CO2_16bar,A_raw_uptake,pre_combustion_psa,enriched_interpretable,0.7871538952013066,0.16955852435622418,0.08477926217811209,4,0.8842951519066432,0.12275239255993539,1.5333835640057283,0.6015175166752692,2.217425155316387,0.7235662899142027
precomb_CO2_16bar,A_raw_uptake,pre_combustion_psa,geo_plus_rac,0.8940910759157572,0.0797058254136929,0.03985291270684645,4,0.9534226652080486,0.028731421602432444,1.1674155819566496,0.3378707115323769,1.585290757381694,0.414572366471145
precomb_CO2_16bar,A_raw_uptake,pre_combustion_psa,geometry_only,0.7695245197077232,0.1821826309836823,0.09109131549184114,4,0.8813549396413495,0.12634441762451595,1.6166909740281152,0.6134901378504498,2.314564454416167,0.7286010693952415
precomb_CO2_16bar,A_raw_uptake,pre_combustion_psa,geometry_plus_topology,0.7913955873539192,0.14515130854516436,0.07257565427258218,4,0.8889397900094438,0.1105939087285517,1.528844980256664,0.5672978903955865,2.2415019379881613,0.5886758077096401
precomb_CO2_16bar,A_raw_uptake,pre_combustion_psa,rac_only,-0.37598755985657767,0.42815117889676146,0.21407558944838073,4,0.33129722226523145,0.256963456288282,5.19773818056406,1.5000047293481398,6.150447638168069,1.6395644776407257
precomb_CO2_16bar,A_raw_uptake,pre_combustion_psa,topology_only,-0.5635262825126762,0.40051309417032177,0.20025654708516089,4,,,5.43844003512574,1.1032405492013906,6.4880726663276755,1.169898770669901
precomb_H2_0.6bar,A_raw_uptake,pre_combustion_psa,enriched_interpretable,0.9028077979976808,0.0430559301707785,0.02152796508538925,4,0.9599781341717215,0.010992659133251923,0.007079616533594525,0.00336417525549152,0.010542458040710051,0.0057070251000711485
precomb_H2_0.6bar,A_raw_uptake,pre_combustion_psa,geo_plus_rac,0.9096664949955114,0.02195365036101946,0.01097682518050973,4,0.9617457735744586,0.01132562315377059,0.007107136276291326,0.0030426233991543753,0.010072212615446075,0.004403406283909314
precomb_H2_0.6bar,A_raw_uptake,pre_combustion_psa,geometry_only,0.905096589700745,0.03303842935966687,0.016519214679833433,4,0.9594804881745932,0.010579573636820353,0.007108542137074775,0.0032883877119921083,0.010384220962423274,0.005118701511568366
precomb_H2_0.6bar,A_raw_uptake,pre_combustion_psa,geometry_plus_topology,0.8960984296637825,0.010364069619718082,0.005182034809859041,4,0.9648248081143356,0.010782849581459425,0.0075433564346626,0.001916602579217156,0.010611178060319774,0.0034021637556003676
precomb_H2_0.6bar,A_raw_uptake,pre_combustion_psa,rac_only,0.06423483537905206,0.4207447483791111,0.21037237418955554,4,0.5428485089908879,0.0564939217196812,0.02436003633043045,0.0072825373765866295,0.03080326434370045,0.008632561974016224
precomb_H2_0.6bar,A_raw_uptake,pre_combustion_psa,topology_only,-0.8446059617435357,0.9244471382970453,0.46222356914852264,4,,,0.03478492366158202,0.00857618476323579,0.04201351325496823,0.008770917367578394
precomb_H2_24bar,A_raw_uptake,pre_combustion_psa,enriched_interpretable,0.9802331387648313,0.009907307803712722,0.004953653901856361,4,0.9696870982091812,0.023190446355452567,0.06791438115086447,0.03488023335309029,0.10655591913573145,0.04327899413729578
precomb_H2_24bar,A_raw_uptake,pre_combustion_psa,geo_plus_rac,0.9866312842342734,0.005717349077205731,0.0028586745386028657,4,0.9767514190173734,0.02027051811181768,0.055933318967641726,0.029246230327613486,0.08860034165812294,0.0391858221526106
precomb_H2_24bar,A_raw_uptake,pre_combustion_psa,geometry_only,0.9717050856995371,0.009287273533800922,0.004643636766900461,4,0.9697629527895075,0.02153156666647574,0.07674582000735482,0.04697514737123104,0.13438799890998865,0.07330819904502626
precomb_H2_24bar,A_raw_uptake,pre_combustion_psa,geometry_plus_topology,0.9804302489288967,0.008054219061751347,0.004027109530875673,4,0.9706915029005525,0.02301615327048658,0.0670855976789874,0.03220569771889906,0.10552853655955095,0.03839561522065164
precomb_H2_24bar,A_raw_uptake,pre_combustion_psa,rac_only,-1.3150804510401841,2.7937214286860454,1.3968607143430227,4,0.501361975785473,0.07487665585889446,0.7509782884365703,0.3882505427442552,0.9693554676943301,0.41243346054925073
precomb_H2_24bar,A_raw_uptake,pre_combustion_psa,topology_only,-3.623512368812854,2.9346280190982292,1.4673140095491146,4,,,1.324093589047809,0.22486765548754165,1.4192643398201206,0.1655544502297155
precomb_log_selectivity,C_direct_log_selectivity,pre_combustion_psa,enriched_interpretable,0.8405880124300247,0.06508888053659818,0.03254444026829909,4,0.8105191839984728,0.14946641808670263,0.22232692777663063,0.02372717163226115,0.2904624529446476,0.031505992475266566
precomb_log_selectivity,C_direct_log_selectivity,pre_combustion_psa,geo_plus_rac,0.8886708164739814,0.06423272318278546,0.03211636159139273,4,0.871588161614988,0.10634341959851462,0.1788443339817919,0.010867810455998756,0.23613342171867102,0.016615410501300852
precomb_log_selectivity,C_direct_log_selectivity,pre_combustion_psa,geometry_only,0.8263709396758063,0.07714878786310099,0.038574393931550495,4,0.8036289805420496,0.15283657022487301,0.2298381371146265,0.02321843457450668,0.30152618476131077,0.03343226567701873
precomb_log_selectivity,C_direct_log_selectivity,pre_combustion_psa,geometry_plus_topology,0.8484264537860956,0.06323048658199684,0.03161524329099842,4,0.8145981963356868,0.14996423107583015,0.21567815519865302,0.01948672791571555,0.2841290723975496,0.025348254219756117
precomb_log_selectivity,C_direct_log_selectivity,pre_combustion_psa,rac_only,-0.8521787986364014,1.6147205110135323,0.8073602555067662,4,0.4279146974473593,0.12201460750749164,0.7824692658618376,0.21393869301483823,0.9360483674896211,0.20632062015465177
precomb_log_selectivity,C_direct_log_selectivity,pre_combustion_psa,topology_only,-3.0760744596056306,2.927787971833035,1.4638939859165174,4,,,1.257881729776904,0.3397566630495292,1.356734628517712,0.2937487526755311
precomb_working_capacity,B_working_capacity,pre_combustion_psa,enriched_interpretable,0.8370157001283279,0.13520593078019055,0.06760296539009528,4,0.8979767410345677,0.11568420253104585,1.4654764777223046,0.5088823891981944,2.0951479570920055,0.6484341802836897
precomb_working_capacity,B_working_capacity,pre_combustion_psa,geo_plus_rac,0.9105375226830754,0.06738601532210788,0.03369300766105394,4,0.9580676635863381,0.0312550934837542,1.1624335081404888,0.29211948904807866,1.5814149526629646,0.36509227368381
precomb_working_capacity,B_working_capacity,pre_combustion_psa,geometry_only,0.8230982082861381,0.14319547181654854,0.07159773590827427,4,0.8963064871757088,0.1179134994285209,1.5484997789945159,0.5064753556932006,2.194592035960104,0.6369566744475408
precomb_working_capacity,B_working_capacity,pre_combustion_psa,geometry_plus_topology,0.8214623402363862,0.1357556860997236,0.0678778430498618,4,0.899001258120227,0.107689234012105,1.5487107444191017,0.4970405452614921,2.227980943142869,0.5713436269467883
precomb_working_capacity,B_working_capacity,pre_combustion_psa,rac_only,-0.43078399805990997,0.5489981899908708,0.2744990949954354,4,0.29901259123931545,0.18078870632632435,5.752599247213732,1.874174987998669,6.842779582020832,1.9993088619776727
precomb_working_capacity,B_working_capacity,pre_combustion_psa,topology_only,-0.5493794983651645,0.37923320991435455,0.18961660495717728,4,,,5.996383786907123,0.784144823581235,7.025600267013595,0.8877725413734593
